/*!40103 SET @OLD_TIME_ZONE=@@TIME_ZONE */;
/*!40103 SET TIME_ZONE='+00:00' */;
/*!40014 SET @OLD_UNIQUE_CHECKS=@@UNIQUE_CHECKS, UNIQUE_CHECKS=0 */;
/*!40014 SET @OLD_FOREIGN_KEY_CHECKS=@@FOREIGN_KEY_CHECKS, FOREIGN_KEY_CHECKS=0 */;
/*!40101 SET @OLD_SQL_MODE=@@SQL_MODE, SQL_MODE='NO_AUTO_VALUE_ON_ZERO' */;
/*!40111 SET @OLD_SQL_NOTES=@@SQL_NOTES, SQL_NOTES=0 */;
/*!40101 SET @saved_cs_client     = @@character_set_client */;
/*!40101 SET character_set_client = utf8 */;
CREATE TABLE `categorie` (
  `id` bigint(20) unsigned NOT NULL AUTO_INCREMENT,
  `nomCategorie` varchar(255) COLLATE utf8mb4_unicode_ci NOT NULL,
  `descriptionCategorie` varchar(255) COLLATE utf8mb4_unicode_ci NOT NULL,
  PRIMARY KEY (`id`)
) ENGINE=InnoDB AUTO_INCREMENT=4 DEFAULT CHARSET=utf8mb4 COLLATE=utf8mb4_unicode_ci;
/*!40101 SET character_set_client = @saved_cs_client */;
/*!40101 SET @saved_cs_client     = @@character_set_client */;
/*!40101 SET character_set_client = utf8 */;
CREATE TABLE `commandes` (
  `id` bigint(20) unsigned NOT NULL AUTO_INCREMENT,
  `idEtat` int(11) NOT NULL,
  `idFournitures` int(11) NOT NULL,
  `idPersonnel` int(11) NOT NULL,
  `nomCommandes` varchar(255) COLLATE utf8mb4_unicode_ci NOT NULL,
  `quantiteDemande` int(11) NOT NULL,
  `created_at` timestamp NULL DEFAULT NULL,
  `updated_at` timestamp NULL DEFAULT NULL,
  PRIMARY KEY (`id`)
) ENGINE=InnoDB AUTO_INCREMENT=3 DEFAULT CHARSET=utf8mb4 COLLATE=utf8mb4_unicode_ci;
/*!40101 SET character_set_client = @saved_cs_client */;
/*!40101 SET @saved_cs_client     = @@character_set_client */;
/*!40101 SET character_set_client = utf8 */;
CREATE TABLE `demandes_specifiques` (
  `id` bigint(20) unsigned NOT NULL AUTO_INCREMENT,
  `idEtat` int(11) NOT NULL,
  `idPersonnel` int(11) NOT NULL,
  `nomDemande` varchar(255) NOT NULL,
  `quantiteDemande` int(11) NOT NULL,
  `lienProduit` varchar(255) NOT NULL,
  `created_at` timestamp NULL DEFAULT NULL,
  `updated_at` timestamp NULL DEFAULT NULL,
  PRIMARY KEY (`id`)
) ENGINE=InnoDB AUTO_INCREMENT=2 DEFAULT CHARSET=utf8mb4;
/*!40101 SET character_set_client = @saved_cs_client */;
/*!40101 SET @saved_cs_client     = @@character_set_client */;
/*!40101 SET character_set_client = utf8 */;
CREATE TABLE `etat` (
  `id` bigint(20) unsigned NOT NULL AUTO_INCREMENT,
  `nomEtat` varchar(255) COLLATE utf8mb4_unicode_ci NOT NULL,
  `descriptionEtat` varchar(255) COLLATE utf8mb4_unicode_ci NOT NULL,
  PRIMARY KEY (`id`)
) ENGINE=InnoDB AUTO_INCREMENT=5 DEFAULT CHARSET=utf8mb4 COLLATE=utf8mb4_unicode_ci;
/*!40101 SET character_set_client = @saved_cs_client */;
/*!40101 SET @saved_cs_client     = @@character_set_client */;
/*!40101 SET character_set_client = utf8 */;
CREATE TABLE `fournitures` (
  `id` bigint(20) unsigned NOT NULL AUTO_INCREMENT,
  `nomFournitures` varchar(255) COLLATE utf8mb4_unicode_ci NOT NULL,
  `nomPhoto` varchar(255) COLLATE utf8mb4_unicode_ci NOT NULL,
  `descriptionFournitures` varchar(255) COLLATE utf8mb4_unicode_ci NOT NULL,
  `quantiteDisponible` int(11) NOT NULL,
  PRIMARY KEY (`id`)
) ENGINE=InnoDB AUTO_INCREMENT=7 DEFAULT CHARSET=utf8mb4 COLLATE=utf8mb4_unicode_ci;
/*!40101 SET character_set_client = @saved_cs_client */;
/*!40101 SET @saved_cs_client     = @@character_set_client */;
/*!40101 SET character_set_client = utf8 */;
CREATE TABLE `migrations` (
  `id` int(10) unsigned NOT NULL AUTO_INCREMENT,
  `migration` varchar(255) COLLATE utf8mb4_unicode_ci NOT NULL,
  `batch` int(11) NOT NULL,
  PRIMARY KEY (`id`)
) ENGINE=InnoDB DEFAULT CHARSET=utf8mb4 COLLATE=utf8mb4_unicode_ci;
/*!40101 SET character_set_client = @saved_cs_client */;
/*!40101 SET @saved_cs_client     = @@character_set_client */;
/*!40101 SET character_set_client = utf8 */;
CREATE TABLE `personnels` (
  `id` bigint(20) unsigned NOT NULL AUTO_INCREMENT,
  `idCategorie` int(11) NOT NULL,
  `idService` int(11) NOT NULL,
  `nom` varchar(255) COLLATE utf8mb4_unicode_ci NOT NULL,
  `prenom` varchar(255) COLLATE utf8mb4_unicode_ci NOT NULL,
  `mail` varchar(255) COLLATE utf8mb4_unicode_ci NOT NULL,
  `pass` varchar(255) COLLATE utf8mb4_unicode_ci NOT NULL,
  `message` varchar(1500) COLLATE utf8mb4_unicode_ci NOT NULL,
  `created_at` timestamp NULL DEFAULT NULL,
  `updated_at` timestamp NULL DEFAULT NULL,
  PRIMARY KEY (`id`)
) ENGINE=InnoDB AUTO_INCREMENT=4 DEFAULT CHARSET=utf8mb4 COLLATE=utf8mb4_unicode_ci;
/*!40101 SET character_set_client = @saved_cs_client */;
/*!40101 SET @saved_cs_client     = @@character_set_client */;
/*!40101 SET character_set_client = utf8 */;
CREATE TABLE `service` (
  `id` bigint(20) unsigned NOT NULL AUTO_INCREMENT,
  `nomService` varchar(255) COLLATE utf8mb4_unicode_ci NOT NULL,
  `descriptionService` varchar(255) COLLATE utf8mb4_unicode_ci NOT NULL,
  PRIMARY KEY (`id`)
) ENGINE=InnoDB AUTO_INCREMENT=4 DEFAULT CHARSET=utf8mb4 COLLATE=utf8mb4_unicode_ci;
/*!40101 SET character_set_client = @saved_cs_client */;
/*!40103 SET TIME_ZONE=@OLD_TIME_ZONE */;

/*!40101 SET SQL_MODE=@OLD_SQL_MODE */;
/*!40014 SET FOREIGN_KEY_CHECKS=@OLD_FOREIGN_KEY_CHECKS */;
/*!40014 SET UNIQUE_CHECKS=@OLD_UNIQUE_CHECKS */;
/*!40111 SET SQL_NOTES=@OLD_SQL_NOTES */;


INSERT INTO `categorie` VALUES (1,'Utilisateur','Toute personne ayant uniquement accès à la base des fournitures pour établir sa liste.');
INSERT INTO `categorie` VALUES (2,'Valideur','La personne en charge de confirmer la demande auprès des SG.');
INSERT INTO `categorie` VALUES (3,'Administrateur','Accès à toute la base et paramètre de l’outil et gestion des stocks');

INSERT INTO `commandes` VALUES (1,3,5,2,'Lot de 4 stylo bic cristal',1,'2020-12-21 13:04:04','2020-12-21 13:04:04');
INSERT INTO `commandes` VALUES (2,4,3,2,'Stylo bic cristal rouge',2,'2020-12-14 14:37:16','2020-12-20 09:21:54');

INSERT INTO `demandes_specifiques` VALUES (1,1,2,'Ciseau de bureau',1,'https://dactylbureau-calipage.fournituredebureau.com/Detail.aspx?ProductId=4315838','2020-12-09 08:33:41','2020-12-09 08:33:41');

INSERT INTO `etat` VALUES (1,'Prise en compte','La commande à été prise en compte.');
INSERT INTO `etat` VALUES (2,'Validé','La commande à été validé.');
INSERT INTO `etat` VALUES (3,'En cours','La commande est en cours.');
INSERT INTO `etat` VALUES (4,'Terminer','La commande est terminé.');

INSERT INTO `fournitures` VALUES (1,'Stylo bic cristal bleu','stylo-bic-cristal-bleu','Stylo bic cristal bleu',5);
INSERT INTO `fournitures` VALUES (2,'Stylo bic cristal vert','stylo-bic-cristal-vert','Stylo bic cristal vert',12);
INSERT INTO `fournitures` VALUES (3,'Stylo bic cristal rouge','stylo-bic-cristal-rouge','Stylo bic cristal rouge',8);
INSERT INTO `fournitures` VALUES (4,'Stylo bic cristal noir','stylo-bic-cristal-noir','Stylo bic cristal noir',3);
INSERT INTO `fournitures` VALUES (5,'Lot de 4 stylo bic cristal','lot-stylo-bic-cristal','Lot de 4 stylo bic cristal',7);
INSERT INTO `fournitures` VALUES (6,'Stylo bic quatre couleurs','stylo-bic-quatre-couleurs','Stylo bic quatre couleurs',16);

INSERT INTO `migrations` VALUES (1,'2020_10_28_144756_create_commandes_table',1);
INSERT INTO `migrations` VALUES (2,'2020_10_28_144825_create_fournitures_table',1);
INSERT INTO `migrations` VALUES (3,'2020_10_28_144851_create_personnel_table',1);
INSERT INTO `migrations` VALUES (4,'2020_11_14_092922_create_service_table',1);
INSERT INTO `migrations` VALUES (5,'2020_11_14_092948_create_categorie_table',1);
INSERT INTO `migrations` VALUES (6,'2020_11_14_093006_create_etat_table',1);
INSERT INTO `migrations` VALUES (7,'2020_12_21_163451_create_demandes_specifiques_table',1);

INSERT INTO `personnels` VALUES (1,3,3,'Admin','Admin','admin@admin.fr','$2y$10$ULxajwbfdCsNz5I/XNQkzerWXwozwXj09rNQKMQyCODEsYuO9Hpb.','','2020-12-05 14:51:03','2020-12-08 19:40:55');
INSERT INTO `personnels` VALUES (2,1,2,'Test','Test','test@test.fr','$2y$10$q7GCKywYWI7YITg2cWM57.4JIU8tOTcbxhjiGzTzUtUebnxtjUMFC','','2020-12-06 12:32:17','2020-12-21 16:09:31');
INSERT INTO `personnels` VALUES (3,2,1,'Valideur','Valideur','valideur@valideur.fr','$2y$10$/JC5vIKOKlxzKdaR0u7IKuuzmtlv6sRhFDnpGct1iLuO4rFzFgYim','','2020-12-21 10:26:58','2020-12-21 16:07:15');

INSERT INTO `service` VALUES (1,'Accueil','Le service d\'accueil de la CCI.');
INSERT INTO `service` VALUES (2,'Comptabilité','Le service de comptabilité de la CCI.');
INSERT INTO `service` VALUES (3,'Administration','Le service d\'administration de la CCI.');
